time;OUR.SS_AS
0;358.97
0.007375;367.95
0.018795833;379.91
0.022445833;338.03
0.039608333;350
0.051016667;364.96
0.061495833;335.04
0.072845833;361.97
0.0832375;350
0.0876375;622.22
0.096354167;717.95
0.101829167;771.79
0.109704167;804.7
0.122095833;852.56
0.139158333;885.47
0.159779167;894.44
0.184916667;918.38
0.200904167;936.32
0.232979167;951.28
0.2376875;927.35
0.247829167;966.24
0.261666667;954.27
0.275354167;972.22
0.300566667;981.2
0.318833333;1002.14
0.3385;972.22
0.365979167;987.18
0.3777125;936.32
0.3867625;963.25
0.402895833;951.28
0.422325;969.23
0.4452875;969.23
0.47165;978.21
0.49005;972.22
0.507258333;975.21
0.523358333;969.23
0.540566667;972.22
0.558891667;981.2
0.573833333;978.21
0.581720833;774.79
0.5955;774.79
0.5999;813.68
0.612558333;807.69
0.625245833;795.73
0.64715;777.78
0.663266667;768.8
0.683904167;774.79
0.694308333;759.83
0.7105875;717.95
0.7245125;688.03
0.748666667;679.06
0.755645833;661.11
0.768420833;631.2
0.78595;568.38
0.802054167;562.39
0.8194375;529.49
0.837970833;496.58
0.848333333;490.6
0.865658333;469.66
0.878375;451.71
0.891120833;427.78
0.900366667;415.81
0.913066667;400.85
0.934854167;406.84
0.9532375;403.85
0.975095833;394.87
0.9820875;373.93
0.997070833;361.97
1;358.97
1.007375;367.95
1.018795833;379.91
1.022445833;338.03
1.039608333;350
1.051016667;364.96
1.061495833;335.04
1.072845833;361.97
1.0832375;350
1.0876375;622.22
1.096354167;717.95
1.101829167;771.79
1.109704167;804.7
1.122095833;852.56
1.139158333;885.47
1.159779167;894.44
1.184916667;918.38
1.200904167;936.32
1.232979167;951.28
1.2376875;927.35
1.247829167;966.24
1.261666667;954.27
1.275354167;972.22
1.300566667;981.2
1.318833333;1002.14
1.3385;972.22
1.365979167;987.18
1.3777125;936.32
1.3867625;963.25
1.402895833;951.28
1.422325;969.23
1.4452875;969.23
1.47165;978.21
1.49005;972.22
1.507258333;975.21
1.523358333;969.23
1.540566667;972.22
1.558891667;981.2
1.573833333;978.21
1.581720833;774.79
1.5955;774.79
1.5999;813.68
1.612558333;807.69
1.625245833;795.73
1.64715;777.78
1.663266667;768.8
1.683904167;774.79
1.694308333;759.83
1.7105875;717.95
1.7245125;688.03
1.748666667;679.06
1.755645833;661.11
1.768420833;631.2
1.78595;568.38
1.802054167;562.39
1.8194375;529.49
1.837970833;496.58
1.848333333;490.6
1.865658333;469.66
1.878375;451.71
1.891120833;427.78
1.900366667;415.81
1.913066667;400.85
1.934854167;406.84
1.9532375;403.85
1.975095833;394.87
1.9820875;373.93
1.997070833;361.97
2;358.97
2.007375;367.95
2.018795833;379.91
2.022445833;338.03
2.039608333;350
2.051016667;364.96
2.061495833;335.04
2.072845833;361.97
2.0832375;350
2.0876375;622.22
2.096354167;717.95
2.101829167;771.79
2.109704167;804.7
2.122095833;852.56
2.139158333;885.47
2.159779167;894.44
2.184916667;918.38
2.200904167;936.32
2.232979167;951.28
2.2376875;927.35
2.247829167;966.24
2.261666667;954.27
2.275354167;972.22
2.300566667;981.2
2.318833333;1002.14
2.3385;972.22
2.365979167;987.18
2.3777125;936.32
2.3867625;963.25
2.402895833;951.28
2.422325;969.23
2.4452875;969.23
2.47165;978.21
2.49005;972.22
2.507258333;975.21
2.523358333;969.23
2.540566667;972.22
2.558891667;981.2
2.573833333;978.21
2.581720833;774.79
2.5955;774.79
2.5999;813.68
2.612558333;807.69
2.625245833;795.73
2.64715;777.78
2.663266667;768.8
2.683904167;774.79
2.694308333;759.83
2.7105875;717.95
2.7245125;688.03
2.748666667;679.06
2.755645833;661.11
2.768420833;631.2
2.78595;568.38
2.802054167;562.39
2.8194375;529.49
2.837970833;496.58
2.848333333;490.6
2.865658333;469.66
2.878375;451.71
2.891120833;427.78
2.900366667;415.81
2.913066667;400.85
2.934854167;406.84
2.9532375;403.85
2.975095833;394.87
2.9820875;373.93
2.997070833;361.97
3;358.97
3.007375;367.95
3.018795833;379.91
3.022445833;338.03
3.039608333;350
3.051016667;364.96
3.061495833;335.04
3.072845833;361.97
3.0832375;350
3.0876375;622.22
3.096354167;717.95
3.101829167;771.79
3.109704167;804.7
3.122095833;852.56
3.139158333;885.47
3.159779167;894.44
3.184916667;918.38
3.200904167;936.32
3.232979167;951.28
3.2376875;927.35
3.247829167;966.24
3.261666667;954.27
3.275354167;972.22
3.300566667;981.2
3.318833333;1002.14
3.3385;972.22
3.365979167;987.18
3.3777125;936.32
3.3867625;963.25
3.402895833;951.28
3.422325;969.23
3.4452875;969.23
3.47165;978.21
3.49005;972.22
3.507258333;975.21
3.523358333;969.23
3.540566667;972.22
3.558891667;981.2
3.573833333;978.21
3.581720833;774.79
3.5955;774.79
3.5999;813.68
3.612558333;807.69
3.625245833;795.73
3.64715;777.78
3.663266667;768.8
3.683904167;774.79
3.694308333;759.83
3.7105875;717.95
3.7245125;688.03
3.748666667;679.06
3.755645833;661.11
3.768420833;631.2
3.78595;568.38
3.802054167;562.39
3.8194375;529.49
3.837970833;496.58
3.848333333;490.6
3.865658333;469.66
3.878375;451.71
3.891120833;427.78
3.900366667;415.81
3.913066667;400.85
3.934854167;406.84
3.9532375;403.85
3.975095833;394.87
3.9820875;373.93
3.997070833;361.97
4;358.97
4.007375;367.95
4.018795833;379.91
4.022445833;338.03
4.039608333;350
4.051016667;364.96
4.061495833;335.04
4.072845833;361.97
4.0832375;350
4.0876375;622.22
4.096354167;717.95
4.101829167;771.79
4.109704167;804.7
4.122095833;852.56
4.139158333;885.47
4.159779167;894.44
4.184916667;918.38
4.200904167;936.32
4.232979167;951.28
4.2376875;927.35
4.247829167;966.24
4.261666667;954.27
4.275354167;972.22
4.300566667;981.2
4.318833333;1002.14
4.3385;972.22
4.365979167;987.18
4.3777125;936.32
4.3867625;963.25
4.402895833;951.28
4.422325;969.23
4.4452875;969.23
4.47165;978.21
4.49005;972.22
4.507258333;975.21
4.523358333;969.23
4.540566667;972.22
4.558891667;981.2
4.573833333;978.21
4.581720833;774.79
4.5955;774.79
4.5999;813.68
4.612558333;807.69
4.625245833;795.73
4.64715;777.78
4.663266667;768.8
4.683904167;774.79
4.694308333;759.83
4.7105875;717.95
4.7245125;688.03
4.748666667;679.06
4.755645833;661.11
4.768420833;631.2
4.78595;568.38
4.802054167;562.39
4.8194375;529.49
4.837970833;496.58
4.848333333;490.6
4.865658333;469.66
4.878375;451.71
4.891120833;427.78
4.900366667;415.81
4.913066667;400.85
4.934854167;406.84
4.9532375;403.85
4.975095833;394.87
4.9820875;373.93
4.997070833;361.97
5;358.97
5.007375;367.95
5.018795833;379.91
5.022445833;338.03
5.039608333;350
5.051016667;364.96
5.061495833;335.04
5.072845833;361.97
5.0832375;350
5.0876375;622.22
5.096354167;717.95
5.101829167;771.79
5.109704167;804.7
5.122095833;852.56
5.139158333;885.47
5.159779167;894.44
5.184916667;918.38
5.200904167;936.32
5.232979167;951.28
5.2376875;927.35
5.247829167;966.24
5.261666667;954.27
5.275354167;972.22
5.300566667;981.2
5.318833333;1002.14
5.3385;972.22
5.365979167;987.18
5.3777125;936.32
5.3867625;963.25
5.402895833;951.28
5.422325;969.23
5.4452875;969.23
5.47165;978.21
5.49005;972.22
5.507258333;975.21
5.523358333;969.23
5.540566667;972.22
5.558891667;981.2
5.573833333;978.21
5.581720833;774.79
5.5955;774.79
5.5999;813.68
5.612558333;807.69
5.625245833;795.73
5.64715;777.78
5.663266667;768.8
5.683904167;774.79
5.694308333;759.83
5.7105875;717.95
5.7245125;688.03
5.748666667;679.06
5.755645833;661.11
5.768420833;631.2
5.78595;568.38
5.802054167;562.39
5.8194375;529.49
5.837970833;496.58
5.848333333;490.6
5.865658333;469.66
5.878375;451.71
5.891120833;427.78
5.900366667;415.81
5.913066667;400.85
5.934854167;406.84
5.9532375;403.85
5.975095833;394.87
5.9820875;373.93
5.997070833;361.97
6;358.97
6.007375;367.95
6.018795833;379.91
6.022445833;338.03
6.039608333;350
6.051016667;364.96
6.061495833;335.04
6.072845833;361.97
6.0832375;350
6.0876375;622.22
6.096354167;717.95
6.101829167;771.79
6.109704167;804.7
6.122095833;852.56
6.139158333;885.47
6.159779167;894.44
6.184916667;918.38
6.200904167;936.32
6.232979167;951.28
6.2376875;927.35
6.247829167;966.24
6.261666667;954.27
6.275354167;972.22
6.300566667;981.2
6.318833333;1002.14
6.3385;972.22
6.365979167;987.18
6.3777125;936.32
6.3867625;963.25
6.402895833;951.28
6.422325;969.23
6.4452875;969.23
6.47165;978.21
6.49005;972.22
6.507258333;975.21
6.523358333;969.23
6.540566667;972.22
6.558891667;981.2
6.573833333;978.21
6.581720833;774.79
6.5955;774.79
6.5999;813.68
6.612558333;807.69
6.625245833;795.73
6.64715;777.78
6.663266667;768.8
6.683904167;774.79
6.694308333;759.83
6.7105875;717.95
6.7245125;688.03
6.748666667;679.06
6.755645833;661.11
6.768420833;631.2
6.78595;568.38
6.802054167;562.39
6.8194375;529.49
6.837970833;496.58
6.848333333;490.6
6.865658333;469.66
6.878375;451.71
6.891120833;427.78
6.900366667;415.81
6.913066667;400.85
6.934854167;406.84
6.9532375;403.85
6.975095833;394.87
6.9820875;373.93
6.997070833;361.97
7;358.97
7.007375;367.95
7.018795833;379.91
7.022445833;338.03
7.039608333;350
7.051016667;364.96
7.061495833;335.04
7.072845833;361.97
7.0832375;350
7.0876375;622.22
7.096354167;717.95
7.101829167;771.79
7.109704167;804.7
7.122095833;852.56
7.139158333;885.47
7.159779167;894.44
7.184916667;918.38
7.200904167;936.32
7.232979167;951.28
7.2376875;927.35
7.247829167;966.24
7.261666667;954.27
7.275354167;972.22
7.300566667;981.2
7.318833333;1002.14
7.3385;972.22
7.365979167;987.18
7.3777125;936.32
7.3867625;963.25
7.402895833;951.28
7.422325;969.23
7.4452875;969.23
7.47165;978.21
7.49005;972.22
7.507258333;975.21
7.523358333;969.23
7.540566667;972.22
7.558891667;981.2
7.573833333;978.21
7.581720833;774.79
7.5955;774.79
7.5999;813.68
7.612558333;807.69
7.625245833;795.73
7.64715;777.78
7.663266667;768.8
7.683904167;774.79
7.694308333;759.83
7.7105875;717.95
7.7245125;688.03
7.748666667;679.06
7.755645833;661.11
7.768420833;631.2
7.78595;568.38
7.802054167;562.39
7.8194375;529.49
7.837970833;496.58
7.848333333;490.6
7.865658333;469.66
7.878375;451.71
7.891120833;427.78
7.900366667;415.81
7.913066667;400.85
7.934854167;406.84
7.9532375;403.85
7.975095833;394.87
7.9820875;373.93
7.997070833;361.97
8;358.97
8.007375;367.95
8.018795833;379.91
8.022445833;338.03
8.039608333;350
8.051016667;364.96
8.061495833;335.04
8.072845833;361.97
8.0832375;350
8.0876375;622.22
8.096354167;717.95
8.101829167;771.79
8.109704167;804.7
8.122095833;852.56
8.139158333;885.47
8.159779167;894.44
8.184916667;918.38
8.200904167;936.32
8.232979167;951.28
8.2376875;927.35
8.247829167;966.24
8.261666667;954.27
8.275354167;972.22
8.300566667;981.2
8.318833333;1002.14
8.3385;972.22
8.365979167;987.18
8.3777125;936.32
8.3867625;963.25
8.402895833;951.28
8.422325;969.23
8.4452875;969.23
8.47165;978.21
8.49005;972.22
8.507258333;975.21
8.523358333;969.23
8.540566667;972.22
8.558891667;981.2
8.573833333;978.21
8.581720833;774.79
8.5955;774.79
8.5999;813.68
8.612558333;807.69
8.625245833;795.73
8.64715;777.78
8.663266667;768.8
8.683904167;774.79
8.694308333;759.83
8.7105875;717.95
8.7245125;688.03
8.748666667;679.06
8.755645833;661.11
8.768420833;631.2
8.78595;568.38
8.802054167;562.39
8.8194375;529.49
8.837970833;496.58
8.848333333;490.6
8.865658333;469.66
8.878375;451.71
8.891120833;427.78
8.900366667;415.81
8.913066667;400.85
8.934854167;406.84
8.9532375;403.85
8.975095833;394.87
8.9820875;373.93
8.997070833;361.97
9;358.97
9.007375;367.95
9.018795833;379.91
9.022445833;338.03
9.039608333;350
9.051016667;364.96
9.061495833;335.04
9.072845833;361.97
9.0832375;350
9.0876375;622.22
9.096354167;717.95
9.101829167;771.79
9.109704167;804.7
9.122095833;852.56
9.139158333;885.47
9.159779167;894.44
9.184916667;918.38
9.200904167;936.32
9.232979167;951.28
9.2376875;927.35
9.247829167;966.24
9.261666667;954.27
9.275354167;972.22
9.300566667;981.2
9.318833333;1002.14
9.3385;972.22
9.365979167;987.18
9.3777125;936.32
9.3867625;963.25
9.402895833;951.28
9.422325;969.23
9.4452875;969.23
9.47165;978.21
9.49005;972.22
9.507258333;975.21
9.523358333;969.23
9.540566667;972.22
9.558891667;981.2
9.573833333;978.21
9.581720833;774.79
9.5955;774.79
9.5999;813.68
9.612558333;807.69
9.625245833;795.73
9.64715;777.78
9.663266667;768.8
9.683904167;774.79
9.694308333;759.83
9.7105875;717.95
9.7245125;688.03
9.748666667;679.06
9.755645833;661.11
9.768420833;631.2
9.78595;568.38
9.802054167;562.39
9.8194375;529.49
9.837970833;496.58
9.848333333;490.6
9.865658333;469.66
9.878375;451.71
9.891120833;427.78
9.900366667;415.81
9.913066667;400.85
9.934854167;406.84
9.9532375;403.85
9.975095833;394.87
9.9820875;373.93
9.997070833;361.97
10;358.97
10.007375;367.95
10.01879583;379.91
10.02244583;338.03
10.03960833;350
10.05101667;364.96
10.06149583;335.04
10.07284583;361.97
10.0832375;350
10.0876375;622.22
10.09635417;717.95
10.10182917;771.79
10.10970417;804.7
10.12209583;852.56
10.13915833;885.47
10.15977917;894.44
10.18491667;918.38
10.20090417;936.32
10.23297917;951.28
10.2376875;927.35
10.24782917;966.24
10.26166667;954.27
10.27535417;972.22
10.30056667;981.2
10.31883333;1002.14
10.3385;972.22
10.36597917;987.18
10.3777125;936.32
10.3867625;963.25
10.40289583;951.28
10.422325;969.23
10.4452875;969.23
10.47165;978.21
10.49005;972.22
10.50725833;975.21
10.52335833;969.23
10.54056667;972.22
10.55889167;981.2
10.57383333;978.21
10.58172083;774.79
10.5955;774.79
10.5999;813.68
10.61255833;807.69
10.62524583;795.73
10.64715;777.78
10.66326667;768.8
10.68390417;774.79
10.69430833;759.83
10.7105875;717.95
10.7245125;688.03
10.74866667;679.06
10.75564583;661.11
10.76842083;631.2
10.78595;568.38
10.80205417;562.39
10.8194375;529.49
10.83797083;496.58
10.84833333;490.6
10.86565833;469.66
10.878375;451.71
10.89112083;427.78
10.90036667;415.81
10.91306667;400.85
10.93485417;406.84
10.9532375;403.85
10.97509583;394.87
10.9820875;373.93
10.99707083;361.97
11;358.97
11.007375;367.95
11.01879583;379.91
11.02244583;338.03
11.03960833;350
11.05101667;364.96
11.06149583;335.04
11.07284583;361.97
11.0832375;350
11.0876375;622.22
11.09635417;717.95
11.10182917;771.79
11.10970417;804.7
11.12209583;852.56
11.13915833;885.47
11.15977917;894.44
11.18491667;918.38
11.20090417;936.32
11.23297917;951.28
11.2376875;927.35
11.24782917;966.24
11.26166667;954.27
11.27535417;972.22
11.30056667;981.2
11.31883333;1002.14
11.3385;972.22
11.36597917;987.18
11.3777125;936.32
11.3867625;963.25
11.40289583;951.28
11.422325;969.23
11.4452875;969.23
11.47165;978.21
11.49005;972.22
11.50725833;975.21
11.52335833;969.23
11.54056667;972.22
11.55889167;981.2
11.57383333;978.21
11.58172083;774.79
11.5955;774.79
11.5999;813.68
11.61255833;807.69
11.62524583;795.73
11.64715;777.78
11.66326667;768.8
11.68390417;774.79
11.69430833;759.83
11.7105875;717.95
11.7245125;688.03
11.74866667;679.06
11.75564583;661.11
11.76842083;631.2
11.78595;568.38
11.80205417;562.39
11.8194375;529.49
11.83797083;496.58
11.84833333;490.6
11.86565833;469.66
11.878375;451.71
11.89112083;427.78
11.90036667;415.81
11.91306667;400.85
11.93485417;406.84
11.9532375;403.85
11.97509583;394.87
11.9820875;373.93
11.99707083;361.97
12;358.97
12.007375;367.95
12.01879583;379.91
12.02244583;338.03
12.03960833;350
12.05101667;364.96
12.06149583;335.04
12.07284583;361.97
12.0832375;350
12.0876375;622.22
12.09635417;717.95
12.10182917;771.79
12.10970417;804.7
12.12209583;852.56
12.13915833;885.47
12.15977917;894.44
12.18491667;918.38
12.20090417;936.32
12.23297917;951.28
12.2376875;927.35
12.24782917;966.24
12.26166667;954.27
12.27535417;972.22
12.30056667;981.2
12.31883333;1002.14
12.3385;972.22
12.36597917;987.18
12.3777125;936.32
12.3867625;963.25
12.40289583;951.28
12.422325;969.23
12.4452875;969.23
12.47165;978.21
12.49005;972.22
12.50725833;975.21
12.52335833;969.23
12.54056667;972.22
12.55889167;981.2
12.57383333;978.21
12.58172083;774.79
12.5955;774.79
12.5999;813.68
12.61255833;807.69
12.62524583;795.73
12.64715;777.78
12.66326667;768.8
12.68390417;774.79
12.69430833;759.83
12.7105875;717.95
12.7245125;688.03
12.74866667;679.06
12.75564583;661.11
12.76842083;631.2
12.78595;568.38
12.80205417;562.39
12.8194375;529.49
12.83797083;496.58
12.84833333;490.6
12.86565833;469.66
12.878375;451.71
12.89112083;427.78
12.90036667;415.81
12.91306667;400.85
12.93485417;406.84
12.9532375;403.85
12.97509583;394.87
12.9820875;373.93
12.99707083;361.97
13;358.97
13.007375;367.95
13.01879583;379.91
13.02244583;338.03
13.03960833;350
13.05101667;364.96
13.06149583;335.04
13.07284583;361.97
13.0832375;350
13.0876375;622.22
13.09635417;717.95
13.10182917;771.79
13.10970417;804.7
13.12209583;852.56
13.13915833;885.47
13.15977917;894.44
13.18491667;918.38
13.20090417;936.32
13.23297917;951.28
13.2376875;927.35
13.24782917;966.24
13.26166667;954.27
13.27535417;972.22
13.30056667;981.2
13.31883333;1002.14
13.3385;972.22
13.36597917;987.18
13.3777125;936.32
13.3867625;963.25
13.40289583;951.28
13.422325;969.23
13.4452875;969.23
13.47165;978.21
13.49005;972.22
13.50725833;975.21
13.52335833;969.23
13.54056667;972.22
13.55889167;981.2
13.57383333;978.21
13.58172083;774.79
13.5955;774.79
13.5999;813.68
13.61255833;807.69
13.62524583;795.73
13.64715;777.78
13.66326667;768.8
13.68390417;774.79
13.69430833;759.83
13.7105875;717.95
13.7245125;688.03
13.74866667;679.06
13.75564583;661.11
13.76842083;631.2
13.78595;568.38
13.80205417;562.39
13.8194375;529.49
13.83797083;496.58
13.84833333;490.6
13.86565833;469.66
13.878375;451.71
13.89112083;427.78
13.90036667;415.81
13.91306667;400.85
13.93485417;406.84
13.9532375;403.85
13.97509583;394.87
13.9820875;373.93
13.99707083;361.97
14;358.97
14.007375;367.95
14.01879583;379.91
14.02244583;338.03
14.03960833;350
14.05101667;364.96
14.06149583;335.04
14.07284583;361.97
14.0832375;350
14.0876375;622.22
14.09635417;717.95
14.10182917;771.79
14.10970417;804.7
14.12209583;852.56
14.13915833;885.47
14.15977917;894.44
14.18491667;918.38
14.20090417;936.32
14.23297917;951.28
14.2376875;927.35
14.24782917;966.24
14.26166667;954.27
14.27535417;972.22
14.30056667;981.2
14.31883333;1002.14
14.3385;972.22
14.36597917;987.18
14.3777125;936.32
14.3867625;963.25
14.40289583;951.28
14.422325;969.23
14.4452875;969.23
14.47165;978.21
14.49005;972.22
14.50725833;975.21
14.52335833;969.23
14.54056667;972.22
14.55889167;981.2
14.57383333;978.21
14.58172083;774.79
14.5955;774.79
14.5999;813.68
14.61255833;807.69
14.62524583;795.73
14.64715;777.78
14.66326667;768.8
14.68390417;774.79
14.69430833;759.83
14.7105875;717.95
14.7245125;688.03
14.74866667;679.06
14.75564583;661.11
14.76842083;631.2
14.78595;568.38
14.80205417;562.39
14.8194375;529.49
14.83797083;496.58
14.84833333;490.6
14.86565833;469.66
14.878375;451.71
14.89112083;427.78
14.90036667;415.81
14.91306667;400.85
14.93485417;406.84
14.9532375;403.85
14.97509583;394.87
14.9820875;373.93
14.99707083;361.97
15;358.97
15.007375;367.95
15.01879583;379.91
15.02244583;338.03
15.03960833;350
15.05101667;364.96
15.06149583;335.04
15.07284583;361.97
15.0832375;350
15.0876375;622.22
15.09635417;717.95
15.10182917;771.79
15.10970417;804.7
15.12209583;852.56
15.13915833;885.47
15.15977917;894.44
15.18491667;918.38
15.20090417;936.32
15.23297917;951.28
15.2376875;927.35
15.24782917;966.24
15.26166667;954.27
15.27535417;972.22
15.30056667;981.2
15.31883333;1002.14
15.3385;972.22
15.36597917;987.18
15.3777125;936.32
15.3867625;963.25
15.40289583;951.28
15.422325;969.23
15.4452875;969.23
15.47165;978.21
15.49005;972.22
15.50725833;975.21
15.52335833;969.23
15.54056667;972.22
15.55889167;981.2
15.57383333;978.21
15.58172083;774.79
15.5955;774.79
15.5999;813.68
15.61255833;807.69
15.62524583;795.73
15.64715;777.78
15.66326667;768.8
15.68390417;774.79
15.69430833;759.83
15.7105875;717.95
15.7245125;688.03
15.74866667;679.06
15.75564583;661.11
15.76842083;631.2
15.78595;568.38
15.80205417;562.39
15.8194375;529.49
15.83797083;496.58
15.84833333;490.6
15.86565833;469.66
15.878375;451.71
15.89112083;427.78
15.90036667;415.81
15.91306667;400.85
15.93485417;406.84
15.9532375;403.85
15.97509583;394.87
15.9820875;373.93
15.99707083;361.97
16;358.97
16.007375;367.95
16.01879583;379.91
16.02244583;338.03
16.03960833;350
16.05101667;364.96
16.06149583;335.04
16.07284583;361.97
16.0832375;350
16.0876375;622.22
16.09635417;717.95
16.10182917;771.79
16.10970417;804.7
16.12209583;852.56
16.13915833;885.47
16.15977917;894.44
16.18491667;918.38
16.20090417;936.32
16.23297917;951.28
16.2376875;927.35
16.24782917;966.24
16.26166667;954.27
16.27535417;972.22
16.30056667;981.2
16.31883333;1002.14
16.3385;972.22
16.36597917;987.18
16.3777125;936.32
16.3867625;963.25
16.40289583;951.28
16.422325;969.23
16.4452875;969.23
16.47165;978.21
16.49005;972.22
16.50725833;975.21
16.52335833;969.23
16.54056667;972.22
16.55889167;981.2
16.57383333;978.21
16.58172083;774.79
16.5955;774.79
16.5999;813.68
16.61255833;807.69
16.62524583;795.73
16.64715;777.78
16.66326667;768.8
16.68390417;774.79
16.69430833;759.83
16.7105875;717.95
16.7245125;688.03
16.74866667;679.06
16.75564583;661.11
16.76842083;631.2
16.78595;568.38
16.80205417;562.39
16.8194375;529.49
16.83797083;496.58
16.84833333;490.6
16.86565833;469.66
16.878375;451.71
16.89112083;427.78
16.90036667;415.81
16.91306667;400.85
16.93485417;406.84
16.9532375;403.85
16.97509583;394.87
16.9820875;373.93
16.99707083;361.97
17;358.97
17.007375;367.95
17.01879583;379.91
17.02244583;338.03
17.03960833;350
17.05101667;364.96
17.06149583;335.04
17.07284583;361.97
17.0832375;350
17.0876375;622.22
17.09635417;717.95
17.10182917;771.79
17.10970417;804.7
17.12209583;852.56
17.13915833;885.47
17.15977917;894.44
17.18491667;918.38
17.20090417;936.32
17.23297917;951.28
17.2376875;927.35
17.24782917;966.24
17.26166667;954.27
17.27535417;972.22
17.30056667;981.2
17.31883333;1002.14
17.3385;972.22
17.36597917;987.18
17.3777125;936.32
17.3867625;963.25
17.40289583;951.28
17.422325;969.23
17.4452875;969.23
17.47165;978.21
17.49005;972.22
17.50725833;975.21
17.52335833;969.23
17.54056667;972.22
17.55889167;981.2
17.57383333;978.21
17.58172083;774.79
17.5955;774.79
17.5999;813.68
17.61255833;807.69
17.62524583;795.73
17.64715;777.78
17.66326667;768.8
17.68390417;774.79
17.69430833;759.83
17.7105875;717.95
17.7245125;688.03
17.74866667;679.06
17.75564583;661.11
17.76842083;631.2
17.78595;568.38
17.80205417;562.39
17.8194375;529.49
17.83797083;496.58
17.84833333;490.6
17.86565833;469.66
17.878375;451.71
17.89112083;427.78
17.90036667;415.81
17.91306667;400.85
17.93485417;406.84
17.9532375;403.85
17.97509583;394.87
17.9820875;373.93
17.99707083;361.97
18;358.97
18.007375;367.95
18.01879583;379.91
18.02244583;338.03
18.03960833;350
18.05101667;364.96
18.06149583;335.04
18.07284583;361.97
18.0832375;350
18.0876375;622.22
18.09635417;717.95
18.10182917;771.79
18.10970417;804.7
18.12209583;852.56
18.13915833;885.47
18.15977917;894.44
18.18491667;918.38
18.20090417;936.32
18.23297917;951.28
18.2376875;927.35
18.24782917;966.24
18.26166667;954.27
18.27535417;972.22
18.30056667;981.2
18.31883333;1002.14
18.3385;972.22
18.36597917;987.18
18.3777125;936.32
18.3867625;963.25
18.40289583;951.28
18.422325;969.23
18.4452875;969.23
18.47165;978.21
18.49005;972.22
18.50725833;975.21
18.52335833;969.23
18.54056667;972.22
18.55889167;981.2
18.57383333;978.21
18.58172083;774.79
18.5955;774.79
18.5999;813.68
18.61255833;807.69
18.62524583;795.73
18.64715;777.78
18.66326667;768.8
18.68390417;774.79
18.69430833;759.83
18.7105875;717.95
18.7245125;688.03
18.74866667;679.06
18.75564583;661.11
18.76842083;631.2
18.78595;568.38
18.80205417;562.39
18.8194375;529.49
18.83797083;496.58
18.84833333;490.6
18.86565833;469.66
18.878375;451.71
18.89112083;427.78
18.90036667;415.81
18.91306667;400.85
18.93485417;406.84
18.9532375;403.85
18.97509583;394.87
18.9820875;373.93
18.99707083;361.97
19;358.97
19.007375;367.95
19.01879583;379.91
19.02244583;338.03
19.03960833;350
19.05101667;364.96
19.06149583;335.04
19.07284583;361.97
19.0832375;350
19.0876375;622.22
19.09635417;717.95
19.10182917;771.79
19.10970417;804.7
19.12209583;852.56
19.13915833;885.47
19.15977917;894.44
19.18491667;918.38
19.20090417;936.32
19.23297917;951.28
19.2376875;927.35
19.24782917;966.24
19.26166667;954.27
19.27535417;972.22
19.30056667;981.2
19.31883333;1002.14
19.3385;972.22
19.36597917;987.18
19.3777125;936.32
19.3867625;963.25
19.40289583;951.28
19.422325;969.23
19.4452875;969.23
19.47165;978.21
19.49005;972.22
19.50725833;975.21
19.52335833;969.23
19.54056667;972.22
19.55889167;981.2
19.57383333;978.21
19.58172083;774.79
19.5955;774.79
19.5999;813.68
19.61255833;807.69
19.62524583;795.73
19.64715;777.78
19.66326667;768.8
19.68390417;774.79
19.69430833;759.83
19.7105875;717.95
19.7245125;688.03
19.74866667;679.06
19.75564583;661.11
19.76842083;631.2
19.78595;568.38
19.80205417;562.39
19.8194375;529.49
19.83797083;496.58
19.84833333;490.6
19.86565833;469.66
19.878375;451.71
19.89112083;427.78
19.90036667;415.81
19.91306667;400.85
19.93485417;406.84
19.9532375;403.85
19.97509583;394.87
19.9820875;373.93
19.99707083;361.97
20;358.97
20.007375;367.95
20.01879583;379.91
20.02244583;338.03
20.03960833;350
20.05101667;364.96
20.06149583;335.04
20.07284583;361.97
20.0832375;350
20.0876375;622.22
20.09635417;717.95
20.10182917;771.79
20.10970417;804.7
20.12209583;852.56
20.13915833;885.47
20.15977917;894.44
20.18491667;918.38
20.20090417;936.32
20.23297917;951.28
20.2376875;927.35
20.24782917;966.24
20.26166667;954.27
20.27535417;972.22
20.30056667;981.2
20.31883333;1002.14
20.3385;972.22
20.36597917;987.18
20.3777125;936.32
20.3867625;963.25
20.40289583;951.28
20.422325;969.23
20.4452875;969.23
20.47165;978.21
20.49005;972.22
20.50725833;975.21
20.52335833;969.23
20.54056667;972.22
20.55889167;981.2
20.57383333;978.21
20.58172083;774.79
20.5955;774.79
20.5999;813.68
20.61255833;807.69
20.62524583;795.73
20.64715;777.78
20.66326667;768.8
20.68390417;774.79
20.69430833;759.83
20.7105875;717.95
20.7245125;688.03
20.74866667;679.06
20.75564583;661.11
20.76842083;631.2
20.78595;568.38
20.80205417;562.39
20.8194375;529.49
20.83797083;496.58
20.84833333;490.6
20.86565833;469.66
20.878375;451.71
20.89112083;427.78
20.90036667;415.81
20.91306667;400.85
20.93485417;406.84
20.9532375;403.85
20.97509583;394.87
20.9820875;373.93
20.99707083;361.97
21;358.97
21.007375;367.95
21.01879583;379.91
21.02244583;338.03
21.03960833;350
21.05101667;364.96
21.06149583;335.04
21.07284583;361.97
21.0832375;350
21.0876375;622.22
21.09635417;717.95
21.10182917;771.79
21.10970417;804.7
21.12209583;852.56
21.13915833;885.47
21.15977917;894.44
21.18491667;918.38
21.20090417;936.32
21.23297917;951.28
21.2376875;927.35
21.24782917;966.24
21.26166667;954.27
21.27535417;972.22
21.30056667;981.2
21.31883333;1002.14
21.3385;972.22
21.36597917;987.18
21.3777125;936.32
21.3867625;963.25
21.40289583;951.28
21.422325;969.23
21.4452875;969.23
21.47165;978.21
21.49005;972.22
21.50725833;975.21
21.52335833;969.23
21.54056667;972.22
21.55889167;981.2
21.57383333;978.21
21.58172083;774.79
21.5955;774.79
21.5999;813.68
21.61255833;807.69
21.62524583;795.73
21.64715;777.78
21.66326667;768.8
21.68390417;774.79
21.69430833;759.83
21.7105875;717.95
21.7245125;688.03
21.74866667;679.06
21.75564583;661.11
21.76842083;631.2
21.78595;568.38
21.80205417;562.39
21.8194375;529.49
21.83797083;496.58
21.84833333;490.6
21.86565833;469.66
21.878375;451.71
21.89112083;427.78
21.90036667;415.81
21.91306667;400.85
21.93485417;406.84
21.9532375;403.85
21.97509583;394.87
21.9820875;373.93
21.99707083;361.97
22;358.97
22.007375;367.95
22.01879583;379.91
22.02244583;338.03
22.03960833;350
22.05101667;364.96
22.06149583;335.04
22.07284583;361.97
22.0832375;350
22.0876375;622.22
22.09635417;717.95
22.10182917;771.79
22.10970417;804.7
22.12209583;852.56
22.13915833;885.47
22.15977917;894.44
22.18491667;918.38
22.20090417;936.32
22.23297917;951.28
22.2376875;927.35
22.24782917;966.24
22.26166667;954.27
22.27535417;972.22
22.30056667;981.2
22.31883333;1002.14
22.3385;972.22
22.36597917;987.18
22.3777125;936.32
22.3867625;963.25
22.40289583;951.28
22.422325;969.23
22.4452875;969.23
22.47165;978.21
22.49005;972.22
22.50725833;975.21
22.52335833;969.23
22.54056667;972.22
22.55889167;981.2
22.57383333;978.21
22.58172083;774.79
22.5955;774.79
22.5999;813.68
22.61255833;807.69
22.62524583;795.73
22.64715;777.78
22.66326667;768.8
22.68390417;774.79
22.69430833;759.83
22.7105875;717.95
22.7245125;688.03
22.74866667;679.06
22.75564583;661.11
22.76842083;631.2
22.78595;568.38
22.80205417;562.39
22.8194375;529.49
22.83797083;496.58
22.84833333;490.6
22.86565833;469.66
22.878375;451.71
22.89112083;427.78
22.90036667;415.81
22.91306667;400.85
22.93485417;406.84
22.9532375;403.85
22.97509583;394.87
22.9820875;373.93
22.99707083;361.97
23;358.97
23.007375;367.95
23.01879583;379.91
23.02244583;338.03
23.03960833;350
23.05101667;364.96
23.06149583;335.04
23.07284583;361.97
23.0832375;350
23.0876375;622.22
23.09635417;717.95
23.10182917;771.79
23.10970417;804.7
23.12209583;852.56
23.13915833;885.47
23.15977917;894.44
23.18491667;918.38
23.20090417;936.32
23.23297917;951.28
23.2376875;927.35
23.24782917;966.24
23.26166667;954.27
23.27535417;972.22
23.30056667;981.2
23.31883333;1002.14
23.3385;972.22
23.36597917;987.18
23.3777125;936.32
23.3867625;963.25
23.40289583;951.28
23.422325;969.23
23.4452875;969.23
23.47165;978.21
23.49005;972.22
23.50725833;975.21
23.52335833;969.23
23.54056667;972.22
23.55889167;981.2
23.57383333;978.21
23.58172083;774.79
23.5955;774.79
23.5999;813.68
23.61255833;807.69
23.62524583;795.73
23.64715;777.78
23.66326667;768.8
23.68390417;774.79
23.69430833;759.83
23.7105875;717.95
23.7245125;688.03
23.74866667;679.06
23.75564583;661.11
23.76842083;631.2
23.78595;568.38
23.80205417;562.39
23.8194375;529.49
23.83797083;496.58
23.84833333;490.6
23.86565833;469.66
23.878375;451.71
23.89112083;427.78
23.90036667;415.81
23.91306667;400.85
23.93485417;406.84
23.9532375;403.85
23.97509583;394.87
23.9820875;373.93
23.99707083;361.97
24;358.97
24.007375;367.95
24.01879583;379.91
24.02244583;338.03
24.03960833;350
24.05101667;364.96
24.06149583;335.04
24.07284583;361.97
24.0832375;350
24.0876375;622.22
24.09635417;717.95
24.10182917;771.79
24.10970417;804.7
24.12209583;852.56
24.13915833;885.47
24.15977917;894.44
24.18491667;918.38
24.20090417;936.32
24.23297917;951.28
24.2376875;927.35
24.24782917;966.24
24.26166667;954.27
24.27535417;972.22
24.30056667;981.2
24.31883333;1002.14
24.3385;972.22
24.36597917;987.18
24.3777125;936.32
24.3867625;963.25
24.40289583;951.28
24.422325;969.23
24.4452875;969.23
24.47165;978.21
24.49005;972.22
24.50725833;975.21
24.52335833;969.23
24.54056667;972.22
24.55889167;981.2
24.57383333;978.21
24.58172083;774.79
24.5955;774.79
24.5999;813.68
24.61255833;807.69
24.62524583;795.73
24.64715;777.78
24.66326667;768.8
24.68390417;774.79
24.69430833;759.83
24.7105875;717.95
24.7245125;688.03
24.74866667;679.06
24.75564583;661.11
24.76842083;631.2
24.78595;568.38
24.80205417;562.39
24.8194375;529.49
24.83797083;496.58
24.84833333;490.6
24.86565833;469.66
24.878375;451.71
24.89112083;427.78
24.90036667;415.81
24.91306667;400.85
24.93485417;406.84
24.9532375;403.85
24.97509583;394.87
24.9820875;373.93
24.99707083;361.97
25;358.97
25.007375;367.95
25.01879583;379.91
25.02244583;338.03
25.03960833;350
25.05101667;364.96
25.06149583;335.04
25.07284583;361.97
25.0832375;350
25.0876375;622.22
25.09635417;717.95
25.10182917;771.79
25.10970417;804.7
25.12209583;852.56
25.13915833;885.47
25.15977917;894.44
25.18491667;918.38
25.20090417;936.32
25.23297917;951.28
25.2376875;927.35
25.24782917;966.24
25.26166667;954.27
25.27535417;972.22
25.30056667;981.2
25.31883333;1002.14
25.3385;972.22
25.36597917;987.18
25.3777125;936.32
25.3867625;963.25
25.40289583;951.28
25.422325;969.23
25.4452875;969.23
25.47165;978.21
25.49005;972.22
25.50725833;975.21
25.52335833;969.23
25.54056667;972.22
25.55889167;981.2
25.57383333;978.21
25.58172083;774.79
25.5955;774.79
25.5999;813.68
25.61255833;807.69
25.62524583;795.73
25.64715;777.78
25.66326667;768.8
25.68390417;774.79
25.69430833;759.83
25.7105875;717.95
25.7245125;688.03
25.74866667;679.06
25.75564583;661.11
25.76842083;631.2
25.78595;568.38
25.80205417;562.39
25.8194375;529.49
25.83797083;496.58
25.84833333;490.6
25.86565833;469.66
25.878375;451.71
25.89112083;427.78
25.90036667;415.81
25.91306667;400.85
25.93485417;406.84
25.9532375;403.85
25.97509583;394.87
25.9820875;373.93
25.99707083;361.97
26;358.97
26.007375;367.95
26.01879583;379.91
26.02244583;338.03
26.03960833;350
26.05101667;364.96
26.06149583;335.04
26.07284583;361.97
26.0832375;350
26.0876375;622.22
26.09635417;717.95
26.10182917;771.79
26.10970417;804.7
26.12209583;852.56
26.13915833;885.47
26.15977917;894.44
26.18491667;918.38
26.20090417;936.32
26.23297917;951.28
26.2376875;927.35
26.24782917;966.24
26.26166667;954.27
26.27535417;972.22
26.30056667;981.2
26.31883333;1002.14
26.3385;972.22
26.36597917;987.18
26.3777125;936.32
26.3867625;963.25
26.40289583;951.28
26.422325;969.23
26.4452875;969.23
26.47165;978.21
26.49005;972.22
26.50725833;975.21
26.52335833;969.23
26.54056667;972.22
26.55889167;981.2
26.57383333;978.21
26.58172083;774.79
26.5955;774.79
26.5999;813.68
26.61255833;807.69
26.62524583;795.73
26.64715;777.78
26.66326667;768.8
26.68390417;774.79
26.69430833;759.83
26.7105875;717.95
26.7245125;688.03
26.74866667;679.06
26.75564583;661.11
26.76842083;631.2
26.78595;568.38
26.80205417;562.39
26.8194375;529.49
26.83797083;496.58
26.84833333;490.6
26.86565833;469.66
26.878375;451.71
26.89112083;427.78
26.90036667;415.81
26.91306667;400.85
26.93485417;406.84
26.9532375;403.85
26.97509583;394.87
26.9820875;373.93
26.99707083;361.97
27;358.97
27.007375;367.95
27.01879583;379.91
27.02244583;338.03
27.03960833;350
27.05101667;364.96
27.06149583;335.04
27.07284583;361.97
27.0832375;350
27.0876375;622.22
27.09635417;717.95
27.10182917;771.79
27.10970417;804.7
27.12209583;852.56
27.13915833;885.47
27.15977917;894.44
27.18491667;918.38
27.20090417;936.32
27.23297917;951.28
27.2376875;927.35
27.24782917;966.24
27.26166667;954.27
27.27535417;972.22
27.30056667;981.2
27.31883333;1002.14
27.3385;972.22
27.36597917;987.18
27.3777125;936.32
27.3867625;963.25
27.40289583;951.28
27.422325;969.23
27.4452875;969.23
27.47165;978.21
27.49005;972.22
27.50725833;975.21
27.52335833;969.23
27.54056667;972.22
27.55889167;981.2
27.57383333;978.21
27.58172083;774.79
27.5955;774.79
27.5999;813.68
27.61255833;807.69
27.62524583;795.73
27.64715;777.78
27.66326667;768.8
27.68390417;774.79
27.69430833;759.83
27.7105875;717.95
27.7245125;688.03
27.74866667;679.06
27.75564583;661.11
27.76842083;631.2
27.78595;568.38
27.80205417;562.39
27.8194375;529.49
27.83797083;496.58
27.84833333;490.6
27.86565833;469.66
27.878375;451.71
27.89112083;427.78
27.90036667;415.81
27.91306667;400.85
27.93485417;406.84
27.9532375;403.85
27.97509583;394.87
27.9820875;373.93
27.99707083;361.97
28;358.97
28.007375;367.95
28.01879583;379.91
28.02244583;338.03
28.03960833;350
28.05101667;364.96
28.06149583;335.04
28.07284583;361.97
28.0832375;350
28.0876375;622.22
28.09635417;717.95
28.10182917;771.79
28.10970417;804.7
28.12209583;852.56
28.13915833;885.47
28.15977917;894.44
28.18491667;918.38
28.20090417;936.32
28.23297917;951.28
28.2376875;927.35
28.24782917;966.24
28.26166667;954.27
28.27535417;972.22
28.30056667;981.2
28.31883333;1002.14
28.3385;972.22
28.36597917;987.18
28.3777125;936.32
28.3867625;963.25
28.40289583;951.28
28.422325;969.23
28.4452875;969.23
28.47165;978.21
28.49005;972.22
28.50725833;975.21
28.52335833;969.23
28.54056667;972.22
28.55889167;981.2
28.57383333;978.21
28.58172083;774.79
28.5955;774.79
28.5999;813.68
28.61255833;807.69
28.62524583;795.73
28.64715;777.78
28.66326667;768.8
28.68390417;774.79
28.69430833;759.83
28.7105875;717.95
28.7245125;688.03
28.74866667;679.06
28.75564583;661.11
28.76842083;631.2
28.78595;568.38
28.80205417;562.39
28.8194375;529.49
28.83797083;496.58
28.84833333;490.6
28.86565833;469.66
28.878375;451.71
28.89112083;427.78
28.90036667;415.81
28.91306667;400.85
28.93485417;406.84
28.9532375;403.85
28.97509583;394.87
28.9820875;373.93
28.99707083;361.97
29;358.97
29.007375;367.95
29.01879583;379.91
29.02244583;338.03
29.03960833;350
29.05101667;364.96
29.06149583;335.04
29.07284583;361.97
29.0832375;350
29.0876375;622.22
29.09635417;717.95
29.10182917;771.79
29.10970417;804.7
29.12209583;852.56
29.13915833;885.47
29.15977917;894.44
29.18491667;918.38
29.20090417;936.32
29.23297917;951.28
29.2376875;927.35
29.24782917;966.24
29.26166667;954.27
29.27535417;972.22
29.30056667;981.2
29.31883333;1002.14
29.3385;972.22
29.36597917;987.18
29.3777125;936.32
29.3867625;963.25
29.40289583;951.28
29.422325;969.23
29.4452875;969.23
29.47165;978.21
29.49005;972.22
29.50725833;975.21
29.52335833;969.23
29.54056667;972.22
29.55889167;981.2
29.57383333;978.21
29.58172083;774.79
29.5955;774.79
29.5999;813.68
29.61255833;807.69
29.62524583;795.73
29.64715;777.78
29.66326667;768.8
29.68390417;774.79
29.69430833;759.83
29.7105875;717.95
29.7245125;688.03
29.74866667;679.06
29.75564583;661.11
29.76842083;631.2
29.78595;568.38
29.80205417;562.39
29.8194375;529.49
29.83797083;496.58
29.84833333;490.6
29.86565833;469.66
29.878375;451.71
29.89112083;427.78
29.90036667;415.81
29.91306667;400.85
29.93485417;406.84
29.9532375;403.85
29.97509583;394.87
29.9820875;373.93
29.99707083;361.97
30;358.97
30.007375;367.95
30.01879583;379.91
30.02244583;338.03
30.03960833;350
30.05101667;364.96
30.06149583;335.04
30.07284583;361.97
30.0832375;350
30.0876375;622.22
30.09635417;717.95
30.10182917;771.79
30.10970417;804.7
30.12209583;852.56
30.13915833;885.47
30.15977917;894.44
30.18491667;918.38
30.20090417;936.32
30.23297917;951.28
30.2376875;927.35
30.24782917;966.24
30.26166667;954.27
30.27535417;972.22
30.30056667;981.2
30.31883333;1002.14
30.3385;972.22
30.36597917;987.18
30.3777125;936.32
30.3867625;963.25
30.40289583;951.28
30.422325;969.23
30.4452875;969.23
30.47165;978.21
30.49005;972.22
30.50725833;975.21
30.52335833;969.23
30.54056667;972.22
30.55889167;981.2
30.57383333;978.21
30.58172083;774.79
30.5955;774.79
30.5999;813.68
30.61255833;807.69
30.62524583;795.73
30.64715;777.78
30.66326667;768.8
30.68390417;774.79
30.69430833;759.83
30.7105875;717.95
30.7245125;688.03
30.74866667;679.06
30.75564583;661.11
30.76842083;631.2
30.78595;568.38
30.80205417;562.39
30.8194375;529.49
30.83797083;496.58
30.84833333;490.6
30.86565833;469.66
30.878375;451.71
30.89112083;427.78
30.90036667;415.81
30.91306667;400.85
30.93485417;406.84
30.9532375;403.85
30.97509583;394.87
30.9820875;373.93
30.99707083;361.97
31;358.97
31.007375;367.95
31.01879583;379.91
31.02244583;338.03
31.03960833;350
31.05101667;364.96
31.06149583;335.04
31.07284583;361.97
31.0832375;350
31.0876375;622.22
31.09635417;717.95
31.10182917;771.79
31.10970417;804.7
31.12209583;852.56
31.13915833;885.47
31.15977917;894.44
31.18491667;918.38
31.20090417;936.32
31.23297917;951.28
31.2376875;927.35
31.24782917;966.24
31.26166667;954.27
31.27535417;972.22
31.30056667;981.2
31.31883333;1002.14
31.3385;972.22
31.36597917;987.18
31.3777125;936.32
31.3867625;963.25
31.40289583;951.28
31.422325;969.23
31.4452875;969.23
31.47165;978.21
31.49005;972.22
31.50725833;975.21
31.52335833;969.23
31.54056667;972.22
31.55889167;981.2
31.57383333;978.21
31.58172083;774.79
31.5955;774.79
31.5999;813.68
31.61255833;807.69
31.62524583;795.73
31.64715;777.78
31.66326667;768.8
31.68390417;774.79
31.69430833;759.83
31.7105875;717.95
31.7245125;688.03
31.74866667;679.06
31.75564583;661.11
31.76842083;631.2
31.78595;568.38
31.80205417;562.39
31.8194375;529.49
31.83797083;496.58
31.84833333;490.6
31.86565833;469.66
31.878375;451.71
31.89112083;427.78
31.90036667;415.81
31.91306667;400.85
31.93485417;406.84
31.9532375;403.85
31.97509583;394.87
31.9820875;373.93
31.99707083;361.97
32;358.97
32.007375;367.95
32.01879583;379.91
32.02244583;338.03
32.03960833;350
32.05101667;364.96
32.06149583;335.04
32.07284583;361.97
32.0832375;350
32.0876375;622.22
32.09635417;717.95
32.10182917;771.79
32.10970417;804.7
32.12209583;852.56
32.13915833;885.47
32.15977917;894.44
32.18491667;918.38
32.20090417;936.32
32.23297917;951.28
32.2376875;927.35
32.24782917;966.24
32.26166667;954.27
32.27535417;972.22
32.30056667;981.2
32.31883333;1002.14
32.3385;972.22
32.36597917;987.18
32.3777125;936.32
32.3867625;963.25
32.40289583;951.28
32.422325;969.23
32.4452875;969.23
32.47165;978.21
32.49005;972.22
32.50725833;975.21
32.52335833;969.23
32.54056667;972.22
32.55889167;981.2
32.57383333;978.21
32.58172083;774.79
32.5955;774.79
32.5999;813.68
32.61255833;807.69
32.62524583;795.73
32.64715;777.78
32.66326667;768.8
32.68390417;774.79
32.69430833;759.83
32.7105875;717.95
32.7245125;688.03
32.74866667;679.06
32.75564583;661.11
32.76842083;631.2
32.78595;568.38
32.80205417;562.39
32.8194375;529.49
32.83797083;496.58
32.84833333;490.6
32.86565833;469.66
32.878375;451.71
32.89112083;427.78
32.90036667;415.81
32.91306667;400.85
32.93485417;406.84
32.9532375;403.85
32.97509583;394.87
32.9820875;373.93
32.99707083;361.97
33;358.97
33.007375;367.95
33.01879583;379.91
33.02244583;338.03
33.03960833;350
33.05101667;364.96
33.06149583;335.04
33.07284583;361.97
33.0832375;350
33.0876375;622.22
33.09635417;717.95
33.10182917;771.79
33.10970417;804.7
33.12209583;852.56
33.13915833;885.47
33.15977917;894.44
33.18491667;918.38
33.20090417;936.32
33.23297917;951.28
33.2376875;927.35
33.24782917;966.24
33.26166667;954.27
33.27535417;972.22
33.30056667;981.2
33.31883333;1002.14
33.3385;972.22
33.36597917;987.18
33.3777125;936.32
33.3867625;963.25
33.40289583;951.28
33.422325;969.23
33.4452875;969.23
33.47165;978.21
33.49005;972.22
33.50725833;975.21
33.52335833;969.23
33.54056667;972.22
33.55889167;981.2
33.57383333;978.21
33.58172083;774.79
33.5955;774.79
33.5999;813.68
33.61255833;807.69
33.62524583;795.73
33.64715;777.78
33.66326667;768.8
33.68390417;774.79
33.69430833;759.83
33.7105875;717.95
33.7245125;688.03
33.74866667;679.06
33.75564583;661.11
33.76842083;631.2
33.78595;568.38
33.80205417;562.39
33.8194375;529.49
33.83797083;496.58
33.84833333;490.6
33.86565833;469.66
33.878375;451.71
33.89112083;427.78
33.90036667;415.81
33.91306667;400.85
33.93485417;406.84
33.9532375;403.85
33.97509583;394.87
33.9820875;373.93
33.99707083;361.97
34;358.97
34.007375;367.95
34.01879583;379.91
34.02244583;338.03
34.03960833;350
34.05101667;364.96
34.06149583;335.04
34.07284583;361.97
34.0832375;350
34.0876375;622.22
34.09635417;717.95
34.10182917;771.79
34.10970417;804.7
34.12209583;852.56
34.13915833;885.47
34.15977917;894.44
34.18491667;918.38
34.20090417;936.32
34.23297917;951.28
34.2376875;927.35
34.24782917;966.24
34.26166667;954.27
34.27535417;972.22
34.30056667;981.2
34.31883333;1002.14
34.3385;972.22
34.36597917;987.18
34.3777125;936.32
34.3867625;963.25
34.40289583;951.28
34.422325;969.23
34.4452875;969.23
34.47165;978.21
34.49005;972.22
34.50725833;975.21
34.52335833;969.23
34.54056667;972.22
34.55889167;981.2
34.57383333;978.21
34.58172083;774.79
34.5955;774.79
34.5999;813.68
34.61255833;807.69
34.62524583;795.73
34.64715;777.78
34.66326667;768.8
34.68390417;774.79
34.69430833;759.83
34.7105875;717.95
34.7245125;688.03
34.74866667;679.06
34.75564583;661.11
34.76842083;631.2
34.78595;568.38
34.80205417;562.39
34.8194375;529.49
34.83797083;496.58
34.84833333;490.6
34.86565833;469.66
34.878375;451.71
34.89112083;427.78
34.90036667;415.81
34.91306667;400.85
34.93485417;406.84
34.9532375;403.85
34.97509583;394.87
34.9820875;373.93
34.99707083;361.97
35;358.97
35.007375;367.95
35.01879583;379.91
35.02244583;338.03
35.03960833;350
35.05101667;364.96
35.06149583;335.04
35.07284583;361.97
35.0832375;350
35.0876375;622.22
35.09635417;717.95
35.10182917;771.79
35.10970417;804.7
35.12209583;852.56
35.13915833;885.47
35.15977917;894.44
35.18491667;918.38
35.20090417;936.32
35.23297917;951.28
35.2376875;927.35
35.24782917;966.24
35.26166667;954.27
35.27535417;972.22
35.30056667;981.2
35.31883333;1002.14
35.3385;972.22
35.36597917;987.18
35.3777125;936.32
35.3867625;963.25
35.40289583;951.28
35.422325;969.23
35.4452875;969.23
35.47165;978.21
35.49005;972.22
35.50725833;975.21
35.52335833;969.23
35.54056667;972.22
35.55889167;981.2
35.57383333;978.21
35.58172083;774.79
35.5955;774.79
35.5999;813.68
35.61255833;807.69
35.62524583;795.73
35.64715;777.78
35.66326667;768.8
35.68390417;774.79
35.69430833;759.83
35.7105875;717.95
35.7245125;688.03
35.74866667;679.06
35.75564583;661.11
35.76842083;631.2
35.78595;568.38
35.80205417;562.39
35.8194375;529.49
35.83797083;496.58
35.84833333;490.6
35.86565833;469.66
35.878375;451.71
35.89112083;427.78
35.90036667;415.81
35.91306667;400.85
35.93485417;406.84
35.9532375;403.85
35.97509583;394.87
35.9820875;373.93
35.99707083;361.97
36;358.97
36.007375;367.95
36.01879583;379.91
36.02244583;338.03
36.03960833;350
36.05101667;364.96
36.06149583;335.04
36.07284583;361.97
36.0832375;350
36.0876375;622.22
36.09635417;717.95
36.10182917;771.79
36.10970417;804.7
36.12209583;852.56
36.13915833;885.47
36.15977917;894.44
36.18491667;918.38
36.20090417;936.32
36.23297917;951.28
36.2376875;927.35
36.24782917;966.24
36.26166667;954.27
36.27535417;972.22
36.30056667;981.2
36.31883333;1002.14
36.3385;972.22
36.36597917;987.18
36.3777125;936.32
36.3867625;963.25
36.40289583;951.28
36.422325;969.23
36.4452875;969.23
36.47165;978.21
36.49005;972.22
36.50725833;975.21
36.52335833;969.23
36.54056667;972.22
36.55889167;981.2
36.57383333;978.21
36.58172083;774.79
36.5955;774.79
36.5999;813.68
36.61255833;807.69
36.62524583;795.73
36.64715;777.78
36.66326667;768.8
36.68390417;774.79
36.69430833;759.83
36.7105875;717.95
36.7245125;688.03
36.74866667;679.06
36.75564583;661.11
36.76842083;631.2
36.78595;568.38
36.80205417;562.39
36.8194375;529.49
36.83797083;496.58
36.84833333;490.6
36.86565833;469.66
36.878375;451.71
36.89112083;427.78
36.90036667;415.81
36.91306667;400.85
36.93485417;406.84
36.9532375;403.85
36.97509583;394.87
36.9820875;373.93
36.99707083;361.97
37;358.97
37.007375;367.95
37.01879583;379.91
37.02244583;338.03
37.03960833;350
37.05101667;364.96
37.06149583;335.04
37.07284583;361.97
37.0832375;350
37.0876375;622.22
37.09635417;717.95
37.10182917;771.79
37.10970417;804.7
37.12209583;852.56
37.13915833;885.47
37.15977917;894.44
37.18491667;918.38
37.20090417;936.32
37.23297917;951.28
37.2376875;927.35
37.24782917;966.24
37.26166667;954.27
37.27535417;972.22
37.30056667;981.2
37.31883333;1002.14
37.3385;972.22
37.36597917;987.18
37.3777125;936.32
37.3867625;963.25
37.40289583;951.28
37.422325;969.23
37.4452875;969.23
37.47165;978.21
37.49005;972.22
37.50725833;975.21
37.52335833;969.23
37.54056667;972.22
37.55889167;981.2
37.57383333;978.21
37.58172083;774.79
37.5955;774.79
37.5999;813.68
37.61255833;807.69
37.62524583;795.73
37.64715;777.78
37.66326667;768.8
37.68390417;774.79
37.69430833;759.83
37.7105875;717.95
37.7245125;688.03
37.74866667;679.06
37.75564583;661.11
37.76842083;631.2
37.78595;568.38
37.80205417;562.39
37.8194375;529.49
37.83797083;496.58
37.84833333;490.6
37.86565833;469.66
37.878375;451.71
37.89112083;427.78
37.90036667;415.81
37.91306667;400.85
37.93485417;406.84
37.9532375;403.85
37.97509583;394.87
37.9820875;373.93
37.99707083;361.97
38;358.97
38.007375;367.95
38.01879583;379.91
38.02244583;338.03
38.03960833;350
38.05101667;364.96
38.06149583;335.04
38.07284583;361.97
38.0832375;350
38.0876375;622.22
38.09635417;717.95
38.10182917;771.79
38.10970417;804.7
38.12209583;852.56
38.13915833;885.47
38.15977917;894.44
38.18491667;918.38
38.20090417;936.32
38.23297917;951.28
38.2376875;927.35
38.24782917;966.24
38.26166667;954.27
38.27535417;972.22
38.30056667;981.2
38.31883333;1002.14
38.3385;972.22
38.36597917;987.18
38.3777125;936.32
38.3867625;963.25
38.40289583;951.28
38.422325;969.23
38.4452875;969.23
38.47165;978.21
38.49005;972.22
38.50725833;975.21
38.52335833;969.23
38.54056667;972.22
38.55889167;981.2
38.57383333;978.21
38.58172083;774.79
38.5955;774.79
38.5999;813.68
38.61255833;807.69
38.62524583;795.73
38.64715;777.78
38.66326667;768.8
38.68390417;774.79
38.69430833;759.83
38.7105875;717.95
38.7245125;688.03
38.74866667;679.06
38.75564583;661.11
38.76842083;631.2
38.78595;568.38
38.80205417;562.39
38.8194375;529.49
38.83797083;496.58
38.84833333;490.6
38.86565833;469.66
38.878375;451.71
38.89112083;427.78
38.90036667;415.81
38.91306667;400.85
38.93485417;406.84
38.9532375;403.85
38.97509583;394.87
38.9820875;373.93
38.99707083;361.97
39;358.97
39.007375;367.95
39.01879583;379.91
39.02244583;338.03
39.03960833;350
39.05101667;364.96
39.06149583;335.04
39.07284583;361.97
39.0832375;350
39.0876375;622.22
39.09635417;717.95
39.10182917;771.79
39.10970417;804.7
39.12209583;852.56
39.13915833;885.47
39.15977917;894.44
39.18491667;918.38
39.20090417;936.32
39.23297917;951.28
39.2376875;927.35
39.24782917;966.24
39.26166667;954.27
39.27535417;972.22
39.30056667;981.2
39.31883333;1002.14
39.3385;972.22
39.36597917;987.18
39.3777125;936.32
39.3867625;963.25
39.40289583;951.28
39.422325;969.23
39.4452875;969.23
39.47165;978.21
39.49005;972.22
39.50725833;975.21
39.52335833;969.23
39.54056667;972.22
39.55889167;981.2
39.57383333;978.21
39.58172083;774.79
39.5955;774.79
39.5999;813.68
39.61255833;807.69
39.62524583;795.73
39.64715;777.78
39.66326667;768.8
39.68390417;774.79
39.69430833;759.83
39.7105875;717.95
39.7245125;688.03
39.74866667;679.06
39.75564583;661.11
39.76842083;631.2
39.78595;568.38
39.80205417;562.39
39.8194375;529.49
39.83797083;496.58
39.84833333;490.6
39.86565833;469.66
39.878375;451.71
39.89112083;427.78
39.90036667;415.81
39.91306667;400.85
39.93485417;406.84
39.9532375;403.85
39.97509583;394.87
39.9820875;373.93
39.99707083;361.97
40;358.97
40.007375;367.95
40.01879583;379.91
40.02244583;338.03
40.03960833;350
40.05101667;364.96
40.06149583;335.04
40.07284583;361.97
40.0832375;350
40.0876375;622.22
40.09635417;717.95
40.10182917;771.79
40.10970417;804.7
40.12209583;852.56
40.13915833;885.47
40.15977917;894.44
40.18491667;918.38
40.20090417;936.32
40.23297917;951.28
40.2376875;927.35
40.24782917;966.24
40.26166667;954.27
40.27535417;972.22
40.30056667;981.2
40.31883333;1002.14
40.3385;972.22
40.36597917;987.18
40.3777125;936.32
40.3867625;963.25
40.40289583;951.28
40.422325;969.23
40.4452875;969.23
40.47165;978.21
40.49005;972.22
40.50725833;975.21
40.52335833;969.23
40.54056667;972.22
40.55889167;981.2
40.57383333;978.21
40.58172083;774.79
40.5955;774.79
40.5999;813.68
40.61255833;807.69
40.62524583;795.73
40.64715;777.78
40.66326667;768.8
40.68390417;774.79
40.69430833;759.83
40.7105875;717.95
40.7245125;688.03
40.74866667;679.06
40.75564583;661.11
40.76842083;631.2
40.78595;568.38
40.80205417;562.39
40.8194375;529.49
40.83797083;496.58
40.84833333;490.6
40.86565833;469.66
40.878375;451.71
40.89112083;427.78
40.90036667;415.81
40.91306667;400.85
40.93485417;406.84
40.9532375;403.85
40.97509583;394.87
40.9820875;373.93
40.99707083;361.97
41;358.97
41.007375;367.95
41.01879583;379.91
41.02244583;338.03
41.03960833;350
41.05101667;364.96
41.06149583;335.04
41.07284583;361.97
41.0832375;350
41.0876375;622.22
41.09635417;717.95
41.10182917;771.79
41.10970417;804.7
41.12209583;852.56
41.13915833;885.47
41.15977917;894.44
41.18491667;918.38
41.20090417;936.32
41.23297917;951.28
41.2376875;927.35
41.24782917;966.24
41.26166667;954.27
41.27535417;972.22
41.30056667;981.2
41.31883333;1002.14
41.3385;972.22
41.36597917;987.18
41.3777125;936.32
41.3867625;963.25
41.40289583;951.28
41.422325;969.23
41.4452875;969.23
41.47165;978.21
41.49005;972.22
41.50725833;975.21
41.52335833;969.23
41.54056667;972.22
41.55889167;981.2
41.57383333;978.21
41.58172083;774.79
41.5955;774.79
41.5999;813.68
41.61255833;807.69
41.62524583;795.73
41.64715;777.78
41.66326667;768.8
41.68390417;774.79
41.69430833;759.83
41.7105875;717.95
41.7245125;688.03
41.74866667;679.06
41.75564583;661.11
41.76842083;631.2
41.78595;568.38
41.80205417;562.39
41.8194375;529.49
41.83797083;496.58
41.84833333;490.6
41.86565833;469.66
41.878375;451.71
41.89112083;427.78
41.90036667;415.81
41.91306667;400.85
41.93485417;406.84
41.9532375;403.85
41.97509583;394.87
41.9820875;373.93
41.99707083;361.97
42;358.97
42.007375;367.95
42.01879583;379.91
42.02244583;338.03
42.03960833;350
42.05101667;364.96
42.06149583;335.04
42.07284583;361.97
42.0832375;350
42.0876375;622.22
42.09635417;717.95
42.10182917;771.79
42.10970417;804.7
42.12209583;852.56
42.13915833;885.47
42.15977917;894.44
42.18491667;918.38
42.20090417;936.32
42.23297917;951.28
42.2376875;927.35
42.24782917;966.24
42.26166667;954.27
42.27535417;972.22
42.30056667;981.2
42.31883333;1002.14
42.3385;972.22
42.36597917;987.18
42.3777125;936.32
42.3867625;963.25
42.40289583;951.28
42.422325;969.23
42.4452875;969.23
42.47165;978.21
42.49005;972.22
42.50725833;975.21
42.52335833;969.23
42.54056667;972.22
42.55889167;981.2
42.57383333;978.21
42.58172083;774.79
42.5955;774.79
42.5999;813.68
42.61255833;807.69
42.62524583;795.73
42.64715;777.78
42.66326667;768.8
42.68390417;774.79
42.69430833;759.83
42.7105875;717.95
42.7245125;688.03
42.74866667;679.06
42.75564583;661.11
42.76842083;631.2
42.78595;568.38
42.80205417;562.39
42.8194375;529.49
42.83797083;496.58
42.84833333;490.6
42.86565833;469.66
42.878375;451.71
42.89112083;427.78
42.90036667;415.81
42.91306667;400.85
42.93485417;406.84
42.9532375;403.85
42.97509583;394.87
42.9820875;373.93
42.99707083;361.97
43;358.97
43.007375;367.95
43.01879583;379.91
43.02244583;338.03
43.03960833;350
43.05101667;364.96
43.06149583;335.04
43.07284583;361.97
43.0832375;350
43.0876375;622.22
43.09635417;717.95
43.10182917;771.79
43.10970417;804.7
43.12209583;852.56
43.13915833;885.47
43.15977917;894.44
43.18491667;918.38
43.20090417;936.32
43.23297917;951.28
43.2376875;927.35
43.24782917;966.24
43.26166667;954.27
43.27535417;972.22
43.30056667;981.2
43.31883333;1002.14
43.3385;972.22
43.36597917;987.18
43.3777125;936.32
43.3867625;963.25
43.40289583;951.28
43.422325;969.23
43.4452875;969.23
43.47165;978.21
43.49005;972.22
43.50725833;975.21
43.52335833;969.23
43.54056667;972.22
43.55889167;981.2
43.57383333;978.21
43.58172083;774.79
43.5955;774.79
43.5999;813.68
43.61255833;807.69
43.62524583;795.73
43.64715;777.78
43.66326667;768.8
43.68390417;774.79
43.69430833;759.83
43.7105875;717.95
43.7245125;688.03
43.74866667;679.06
43.75564583;661.11
43.76842083;631.2
43.78595;568.38
43.80205417;562.39
43.8194375;529.49
43.83797083;496.58
43.84833333;490.6
43.86565833;469.66
43.878375;451.71
43.89112083;427.78
43.90036667;415.81
43.91306667;400.85
43.93485417;406.84
43.9532375;403.85
43.97509583;394.87
43.9820875;373.93
43.99707083;361.97
44;358.97
44.007375;367.95
44.01879583;379.91
44.02244583;338.03
44.03960833;350
44.05101667;364.96
44.06149583;335.04
44.07284583;361.97
44.0832375;350
44.0876375;622.22
44.09635417;717.95
44.10182917;771.79
44.10970417;804.7
44.12209583;852.56
44.13915833;885.47
44.15977917;894.44
44.18491667;918.38
44.20090417;936.32
44.23297917;951.28
44.2376875;927.35
44.24782917;966.24
44.26166667;954.27
44.27535417;972.22
44.30056667;981.2
44.31883333;1002.14
44.3385;972.22
44.36597917;987.18
44.3777125;936.32
44.3867625;963.25
44.40289583;951.28
44.422325;969.23
44.4452875;969.23
44.47165;978.21
44.49005;972.22
44.50725833;975.21
44.52335833;969.23
44.54056667;972.22
44.55889167;981.2
44.57383333;978.21
44.58172083;774.79
44.5955;774.79
44.5999;813.68
44.61255833;807.69
44.62524583;795.73
44.64715;777.78
44.66326667;768.8
44.68390417;774.79
44.69430833;759.83
44.7105875;717.95
44.7245125;688.03
44.74866667;679.06
44.75564583;661.11
44.76842083;631.2
44.78595;568.38
44.80205417;562.39
44.8194375;529.49
44.83797083;496.58
44.84833333;490.6
44.86565833;469.66
44.878375;451.71
44.89112083;427.78
44.90036667;415.81
44.91306667;400.85
44.93485417;406.84
44.9532375;403.85
44.97509583;394.87
44.9820875;373.93
44.99707083;361.97
45;358.97
45.007375;367.95
45.01879583;379.91
45.02244583;338.03
45.03960833;350
45.05101667;364.96
45.06149583;335.04
45.07284583;361.97
45.0832375;350
45.0876375;622.22
45.09635417;717.95
45.10182917;771.79
45.10970417;804.7
45.12209583;852.56
45.13915833;885.47
45.15977917;894.44
45.18491667;918.38
45.20090417;936.32
45.23297917;951.28
45.2376875;927.35
45.24782917;966.24
45.26166667;954.27
45.27535417;972.22
45.30056667;981.2
45.31883333;1002.14
45.3385;972.22
45.36597917;987.18
45.3777125;936.32
45.3867625;963.25
45.40289583;951.28
45.422325;969.23
45.4452875;969.23
45.47165;978.21
45.49005;972.22
45.50725833;975.21
45.52335833;969.23
45.54056667;972.22
45.55889167;981.2
45.57383333;978.21
45.58172083;774.79
45.5955;774.79
45.5999;813.68
45.61255833;807.69
45.62524583;795.73
45.64715;777.78
45.66326667;768.8
45.68390417;774.79
45.69430833;759.83
45.7105875;717.95
45.7245125;688.03
45.74866667;679.06
45.75564583;661.11
45.76842083;631.2
45.78595;568.38
45.80205417;562.39
45.8194375;529.49
45.83797083;496.58
45.84833333;490.6
45.86565833;469.66
45.878375;451.71
45.89112083;427.78
45.90036667;415.81
45.91306667;400.85
45.93485417;406.84
45.9532375;403.85
45.97509583;394.87
45.9820875;373.93
45.99707083;361.97
46;358.97
46.007375;367.95
46.01879583;379.91
46.02244583;338.03
46.03960833;350
46.05101667;364.96
46.06149583;335.04
46.07284583;361.97
46.0832375;350
46.0876375;622.22
46.09635417;717.95
46.10182917;771.79
46.10970417;804.7
46.12209583;852.56
46.13915833;885.47
46.15977917;894.44
46.18491667;918.38
46.20090417;936.32
46.23297917;951.28
46.2376875;927.35
46.24782917;966.24
46.26166667;954.27
46.27535417;972.22
46.30056667;981.2
46.31883333;1002.14
46.3385;972.22
46.36597917;987.18
46.3777125;936.32
46.3867625;963.25
46.40289583;951.28
46.422325;969.23
46.4452875;969.23
46.47165;978.21
46.49005;972.22
46.50725833;975.21
46.52335833;969.23
46.54056667;972.22
46.55889167;981.2
46.57383333;978.21
46.58172083;774.79
46.5955;774.79
46.5999;813.68
46.61255833;807.69
46.62524583;795.73
46.64715;777.78
46.66326667;768.8
46.68390417;774.79
46.69430833;759.83
46.7105875;717.95
46.7245125;688.03
46.74866667;679.06
46.75564583;661.11
46.76842083;631.2
46.78595;568.38
46.80205417;562.39
46.8194375;529.49
46.83797083;496.58
46.84833333;490.6
46.86565833;469.66
46.878375;451.71
46.89112083;427.78
46.90036667;415.81
46.91306667;400.85
46.93485417;406.84
46.9532375;403.85
46.97509583;394.87
46.9820875;373.93
46.99707083;361.97
47;358.97
47.007375;367.95
47.01879583;379.91
47.02244583;338.03
47.03960833;350
47.05101667;364.96
47.06149583;335.04
47.07284583;361.97
47.0832375;350
47.0876375;622.22
47.09635417;717.95
47.10182917;771.79
47.10970417;804.7
47.12209583;852.56
47.13915833;885.47
47.15977917;894.44
47.18491667;918.38
47.20090417;936.32
47.23297917;951.28
47.2376875;927.35
47.24782917;966.24
47.26166667;954.27
47.27535417;972.22
47.30056667;981.2
47.31883333;1002.14
47.3385;972.22
47.36597917;987.18
47.3777125;936.32
47.3867625;963.25
47.40289583;951.28
47.422325;969.23
47.4452875;969.23
47.47165;978.21
47.49005;972.22
47.50725833;975.21
47.52335833;969.23
47.54056667;972.22
47.55889167;981.2
47.57383333;978.21
47.58172083;774.79
47.5955;774.79
47.5999;813.68
47.61255833;807.69
47.62524583;795.73
47.64715;777.78
47.66326667;768.8
47.68390417;774.79
47.69430833;759.83
47.7105875;717.95
47.7245125;688.03
47.74866667;679.06
47.75564583;661.11
47.76842083;631.2
47.78595;568.38
47.80205417;562.39
47.8194375;529.49
47.83797083;496.58
47.84833333;490.6
47.86565833;469.66
47.878375;451.71
47.89112083;427.78
47.90036667;415.81
47.91306667;400.85
47.93485417;406.84
47.9532375;403.85
47.97509583;394.87
47.9820875;373.93
47.99707083;361.97
48;358.97
48.007375;367.95
48.01879583;379.91
48.02244583;338.03
48.03960833;350
48.05101667;364.96
48.06149583;335.04
48.07284583;361.97
48.0832375;350
48.0876375;622.22
48.09635417;717.95
48.10182917;771.79
48.10970417;804.7
48.12209583;852.56
48.13915833;885.47
48.15977917;894.44
48.18491667;918.38
48.20090417;936.32
48.23297917;951.28
48.2376875;927.35
48.24782917;966.24
48.26166667;954.27
48.27535417;972.22
48.30056667;981.2
48.31883333;1002.14
48.3385;972.22
48.36597917;987.18
48.3777125;936.32
48.3867625;963.25
48.40289583;951.28
48.422325;969.23
48.4452875;969.23
48.47165;978.21
48.49005;972.22
48.50725833;975.21
48.52335833;969.23
48.54056667;972.22
48.55889167;981.2
48.57383333;978.21
48.58172083;774.79
48.5955;774.79
48.5999;813.68
48.61255833;807.69
48.62524583;795.73
48.64715;777.78
48.66326667;768.8
48.68390417;774.79
48.69430833;759.83
48.7105875;717.95
48.7245125;688.03
48.74866667;679.06
48.75564583;661.11
48.76842083;631.2
48.78595;568.38
48.80205417;562.39
48.8194375;529.49
48.83797083;496.58
48.84833333;490.6
48.86565833;469.66
48.878375;451.71
48.89112083;427.78
48.90036667;415.81
48.91306667;400.85
48.93485417;406.84
48.9532375;403.85
48.97509583;394.87
48.9820875;373.93
48.99707083;361.97
49;358.97
49.007375;367.95
49.01879583;379.91
49.02244583;338.03
49.03960833;350
49.05101667;364.96
49.06149583;335.04
49.07284583;361.97
49.0832375;350
49.0876375;622.22
49.09635417;717.95
49.10182917;771.79
49.10970417;804.7
49.12209583;852.56
49.13915833;885.47
49.15977917;894.44
49.18491667;918.38
49.20090417;936.32
49.23297917;951.28
49.2376875;927.35
49.24782917;966.24
49.26166667;954.27
49.27535417;972.22
49.30056667;981.2
49.31883333;1002.14
49.3385;972.22
49.36597917;987.18
49.3777125;936.32
49.3867625;963.25
49.40289583;951.28
49.422325;969.23
49.4452875;969.23
49.47165;978.21
49.49005;972.22
49.50725833;975.21
49.52335833;969.23
49.54056667;972.22
49.55889167;981.2
49.57383333;978.21
49.58172083;774.79
49.5955;774.79
49.5999;813.68
49.61255833;807.69
49.62524583;795.73
49.64715;777.78
49.66326667;768.8
49.68390417;774.79
49.69430833;759.83
49.7105875;717.95
49.7245125;688.03
49.74866667;679.06
49.75564583;661.11
49.76842083;631.2
49.78595;568.38
49.80205417;562.39
49.8194375;529.49
49.83797083;496.58
49.84833333;490.6
49.86565833;469.66
49.878375;451.71
49.89112083;427.78
49.90036667;415.81
49.91306667;400.85
49.93485417;406.84
49.9532375;403.85
49.97509583;394.87
49.9820875;373.93
49.99707083;361.97
50;358.97
50.007375;367.95
50.01879583;379.91
50.02244583;338.03
50.03960833;350
50.05101667;364.96
50.06149583;335.04
50.07284583;361.97
50.0832375;350
50.0876375;622.22
50.09635417;717.95
50.10182917;771.79
50.10970417;804.7
50.12209583;852.56
50.13915833;885.47
50.15977917;894.44
50.18491667;918.38
50.20090417;936.32
50.23297917;951.28
50.2376875;927.35
50.24782917;966.24
50.26166667;954.27
50.27535417;972.22
50.30056667;981.2
50.31883333;1002.14
50.3385;972.22
50.36597917;987.18
50.3777125;936.32
50.3867625;963.25
50.40289583;951.28
50.422325;969.23
50.4452875;969.23
50.47165;978.21
50.49005;972.22
50.50725833;975.21
50.52335833;969.23
50.54056667;972.22
50.55889167;981.2
50.57383333;978.21
50.58172083;774.79
50.5955;774.79
50.5999;813.68
50.61255833;807.69
50.62524583;795.73
50.64715;777.78
50.66326667;768.8
50.68390417;774.79
50.69430833;759.83
50.7105875;717.95
50.7245125;688.03
50.74866667;679.06
50.75564583;661.11
50.76842083;631.2
50.78595;568.38
50.80205417;562.39
50.8194375;529.49
50.83797083;496.58
50.84833333;490.6
50.86565833;469.66
50.878375;451.71
50.89112083;427.78
50.90036667;415.81
50.91306667;400.85
50.93485417;406.84
50.9532375;403.85
50.97509583;394.87
50.9820875;373.93
50.99707083;361.97
51;358.97
51.007375;367.95
51.01879583;379.91
51.02244583;338.03
51.03960833;350
51.05101667;364.96
51.06149583;335.04
51.07284583;361.97
51.0832375;350
51.0876375;622.22
51.09635417;717.95
51.10182917;771.79
51.10970417;804.7
51.12209583;852.56
51.13915833;885.47
51.15977917;894.44
51.18491667;918.38
51.20090417;936.32
51.23297917;951.28
51.2376875;927.35
51.24782917;966.24
51.26166667;954.27
51.27535417;972.22
51.30056667;981.2
51.31883333;1002.14
51.3385;972.22
51.36597917;987.18
51.3777125;936.32
51.3867625;963.25
51.40289583;951.28
51.422325;969.23
51.4452875;969.23
51.47165;978.21
51.49005;972.22
51.50725833;975.21
51.52335833;969.23
51.54056667;972.22
51.55889167;981.2
51.57383333;978.21
51.58172083;774.79
51.5955;774.79
51.5999;813.68
51.61255833;807.69
51.62524583;795.73
51.64715;777.78
51.66326667;768.8
51.68390417;774.79
51.69430833;759.83
51.7105875;717.95
51.7245125;688.03
51.74866667;679.06
51.75564583;661.11
51.76842083;631.2
51.78595;568.38
51.80205417;562.39
51.8194375;529.49
51.83797083;496.58
51.84833333;490.6
51.86565833;469.66
51.878375;451.71
51.89112083;427.78
51.90036667;415.81
51.91306667;400.85
51.93485417;406.84
51.9532375;403.85
51.97509583;394.87
51.9820875;373.93
51.99707083;361.97
52;358.97
52.007375;367.95
52.01879583;379.91
52.02244583;338.03
52.03960833;350
52.05101667;364.96
52.06149583;335.04
52.07284583;361.97
52.0832375;350
52.0876375;622.22
52.09635417;717.95
52.10182917;771.79
52.10970417;804.7
52.12209583;852.56
52.13915833;885.47
52.15977917;894.44
52.18491667;918.38
52.20090417;936.32
52.23297917;951.28
52.2376875;927.35
52.24782917;966.24
52.26166667;954.27
52.27535417;972.22
52.30056667;981.2
52.31883333;1002.14
52.3385;972.22
52.36597917;987.18
52.3777125;936.32
52.3867625;963.25
52.40289583;951.28
52.422325;969.23
52.4452875;969.23
52.47165;978.21
52.49005;972.22
52.50725833;975.21
52.52335833;969.23
52.54056667;972.22
52.55889167;981.2
52.57383333;978.21
52.58172083;774.79
52.5955;774.79
52.5999;813.68
52.61255833;807.69
52.62524583;795.73
52.64715;777.78
52.66326667;768.8
52.68390417;774.79
52.69430833;759.83
52.7105875;717.95
52.7245125;688.03
52.74866667;679.06
52.75564583;661.11
52.76842083;631.2
52.78595;568.38
52.80205417;562.39
52.8194375;529.49
52.83797083;496.58
52.84833333;490.6
52.86565833;469.66
52.878375;451.71
52.89112083;427.78
52.90036667;415.81
52.91306667;400.85
52.93485417;406.84
52.9532375;403.85
52.97509583;394.87
52.9820875;373.93
52.99707083;361.97
53;358.97
53.007375;367.95
53.01879583;379.91
53.02244583;338.03
53.03960833;350
53.05101667;364.96
53.06149583;335.04
53.07284583;361.97
53.0832375;350
53.0876375;622.22
53.09635417;717.95
53.10182917;771.79
53.10970417;804.7
53.12209583;852.56
53.13915833;885.47
53.15977917;894.44
53.18491667;918.38
53.20090417;936.32
53.23297917;951.28
53.2376875;927.35
53.24782917;966.24
53.26166667;954.27
53.27535417;972.22
53.30056667;981.2
53.31883333;1002.14
53.3385;972.22
53.36597917;987.18
53.3777125;936.32
53.3867625;963.25
53.40289583;951.28
53.422325;969.23
53.4452875;969.23
53.47165;978.21
53.49005;972.22
53.50725833;975.21
53.52335833;969.23
53.54056667;972.22
53.55889167;981.2
53.57383333;978.21
53.58172083;774.79
53.5955;774.79
53.5999;813.68
53.61255833;807.69
53.62524583;795.73
53.64715;777.78
53.66326667;768.8
53.68390417;774.79
53.69430833;759.83
53.7105875;717.95
53.7245125;688.03
53.74866667;679.06
53.75564583;661.11
53.76842083;631.2
53.78595;568.38
53.80205417;562.39
53.8194375;529.49
53.83797083;496.58
53.84833333;490.6
53.86565833;469.66
53.878375;451.71
53.89112083;427.78
53.90036667;415.81
53.91306667;400.85
53.93485417;406.84
53.9532375;403.85
53.97509583;394.87
53.9820875;373.93
53.99707083;361.97
54;358.97
54.007375;367.95
54.01879583;379.91
54.02244583;338.03
54.03960833;350
54.05101667;364.96
54.06149583;335.04
54.07284583;361.97
54.0832375;350
54.0876375;622.22
54.09635417;717.95
54.10182917;771.79
54.10970417;804.7
54.12209583;852.56
54.13915833;885.47
54.15977917;894.44
54.18491667;918.38
54.20090417;936.32
54.23297917;951.28
54.2376875;927.35
54.24782917;966.24
54.26166667;954.27
54.27535417;972.22
54.30056667;981.2
54.31883333;1002.14
54.3385;972.22
54.36597917;987.18
54.3777125;936.32
54.3867625;963.25
54.40289583;951.28
54.422325;969.23
54.4452875;969.23
54.47165;978.21
54.49005;972.22
54.50725833;975.21
54.52335833;969.23
54.54056667;972.22
54.55889167;981.2
54.57383333;978.21
54.58172083;774.79
54.5955;774.79
54.5999;813.68
54.61255833;807.69
54.62524583;795.73
54.64715;777.78
54.66326667;768.8
54.68390417;774.79
54.69430833;759.83
54.7105875;717.95
54.7245125;688.03
54.74866667;679.06
54.75564583;661.11
54.76842083;631.2
54.78595;568.38
54.80205417;562.39
54.8194375;529.49
54.83797083;496.58
54.84833333;490.6
54.86565833;469.66
54.878375;451.71
54.89112083;427.78
54.90036667;415.81
54.91306667;400.85
54.93485417;406.84
54.9532375;403.85
54.97509583;394.87
54.9820875;373.93
54.99707083;361.97
55;358.97
